instance,algorithm,category,m,n,density,optimal_cost,cost_mean,cost_std,cost_min,cost_max,runtime_mean,runtime_std,convergence_iter,rpd,problem_size,cv_cost,cv_runtime,log_problem_size,log_runtime
A_small_dense_00,SA,A,200,1000,0.05,87.45401188473625,135.29610445489257,5.232390524660257,129.3136448865068,141.177188908589,20.17881743387256,0.8808793253178118,138,54.70542921828658,200000,3.8673622908372245,4.36536644530591,5.301029995663981,1.304895711108404
A_small_dense_00,GA,A,200,1000,0.05,87.45401188473625,96.18396893375572,5.174165029636374,90.802318802613,104.86133684896458,8.058038683379367,0.47214066985967473,130,9.982340273337599,200000,5.379446374478422,5.859250475348539,5.301029995663981,0.906229347929236
A_small_dense_00,HGASA,A,200,1000,0.05,87.45401188473625,99.92883097774644,1.423751129534687,98.67905921858899,102.67830234428847,22.59500766380764,2.145099793527848,160,14.26443318512582,200000,1.4247651209406702,9.493689161096583,5.301029995663981,1.354012492971881
A_small_dense_01,SA,A,200,1000,0.05,75.8779981600017,94.6645876054436,4.98603140634733,87.25957209790963,100.31023446708613,16.959356970863706,1.0221987313311673,102,24.758941855354667,200000,5.2670502586762575,6.027343684594363,5.301029995663981,1.229409381570471
A_small_dense_01,GA,A,200,1000,0.05,75.8779981600017,84.88729224061565,3.404157850708009,80.82546271060716,91.0590345955216,19.40541681722302,1.354257326140084,107,11.873394526851278,200000,4.010209020519607,6.978759275802471,5.301029995663981,1.2879229755725958
A_small_dense_01,HGASA,A,200,1000,0.05,75.8779981600017,92.95577968938674,4.671094266251712,85.78912618506307,98.25894549689933,28.631112721571004,2.068794573505366,285,22.506895204817653,200000,5.025071363889637,7.225686942815577,5.301029995663981,1.4568382268007656
A_small_dense_02,SA,A,200,1000,0.05,134.89138242660837,171.60360039349334,3.839563476395671,166.5210076150185,176.28463641763318,10.432023602136217,1.31529915458564,78,27.21613294078243,200000,2.237460908507404,12.608283922174982,5.301029995663981,1.0183685609670172
A_small_dense_02,GA,A,200,1000,0.05,134.89138242660837,151.3773844385758,4.173962481271981,146.2774517084584,158.12317374239825,47.067866541743186,2.5248304834670727,208,12.221686601022954,200000,2.7573223680355268,5.364233964647347,5.301029995663981,1.6727245133661495
A_small_dense_02,HGASA,A,200,1000,0.05,134.89138242660837,136.50994941781792,7.289813031889904,122.40975999671163,143.58692687511308,33.94497695035328,3.211079564217738,265,1.1999039242482201,200000,5.340133128009498,9.459660464386673,5.301029995663981,1.5307755181116685
A_small_dense_03,SA,A,200,1000,0.05,146.24472949421113,173.72744141657958,12.089932099419421,156.4566299470579,194.3741324471275,30.410569054018605,2.360073732539995,172,18.792275125002924,200000,6.959137831558271,7.760702301715473,5.301029995663981,1.4830245469020378
A_small_dense_03,GA,A,200,1000,0.05,146.24472949421113,166.5909507701635,3.9573385622979163,161.95533702472878,173.69722810783054,16.728567891960683,1.3728525092548203,169,13.91244754345676,200000,2.375482308014222,8.206635009770189,5.301029995663981,1.2234587632432912
A_small_dense_03,HGASA,A,200,1000,0.05,146.24472949421113,159.3443591323763,6.5958046183519325,150.09917823130385,165.06311313652213,19.364463925465586,0.9279364953257108,223,8.957334519657815,200000,4.13933988894607,4.791955506216783,5.301029995663981,1.2870054787331677
A_small_dense_04,SA,A,200,1000,0.05,131.7222200201216,161.5728262554044,6.978411686009033,152.94108038225033,170.15375464415905,6.712793430077918,0.2802847782165216,153,22.661784952244883,200000,4.31905033026902,4.175382143604383,5.301029995663981,0.8269032830321407
A_small_dense_04,GA,A,200,1000,0.05,131.7222200201216,158.74026621824046,7.001580753264492,146.0630485023292,165.83005267248754,19.49124235998561,1.9462796089824381,214,20.51138083915656,200000,4.410715012685267,9.985405614667423,5.301029995663981,1.289839521667166
A_small_dense_04,HGASA,A,200,1000,0.05,131.7222200201216,150.86124771233253,11.362191341059557,137.21406422037134,168.72614044617958,28.96550953760318,1.4915464554489153,190,14.529839908018022,200000,7.5315506886999755,5.149387941933429,5.301029995663981,1.461881172656343
A_small_dense_05,SA,A,200,1000,0.05,99.25176938188639,116.37944399064429,3.6037556321131126,111.00352841838011,122.31669421056264,7.8157537091719025,0.4703916780353815,116,17.2567952344069,200000,3.09655683902633,6.018506922542479,5.301029995663981,0.8929708653943299
A_small_dense_05,GA,A,200,1000,0.05,99.25176938188639,111.26533245012861,4.563193008928823,104.76657001866636,118.80677477846605,24.980875905342153,1.8777860665792754,249,12.104129874015843,200000,4.101181300989811,7.516894418332671,5.301029995663981,1.397607661987984
A_small_dense_05,HGASA,A,200,1000,0.05,99.25176938188639,121.43191773573274,3.019910633095795,118.1567510057082,126.49705349464195,38.90031753667036,1.9072030321469433,294,22.347358129712358,200000,2.486916693243618,4.902795537206273,5.301029995663981,1.589953146412106
A_small_dense_06,SA,A,200,1000,0.05,52.76167718737047,64.69611921151268,1.7002016552450316,62.91243915782229,67.8865292548507,36.96538601487826,3.6724576046991046,55,22.619527392504775,200000,2.627980898957044,9.93485528115673,5.301029995663981,1.567795245722397
A_small_dense_06,GA,A,200,1000,0.05,52.76167718737047,60.97402575872005,2.347117554908418,57.328364263363675,64.12778519877443,21.655596770317068,2.0739003097652353,262,15.564987712929193,200000,3.849372787350769,9.576740515449071,5.301029995663981,1.3355701562249265
A_small_dense_06,HGASA,A,200,1000,0.05,52.76167718737047,54.37040189982504,2.0306135075936873,51.083271837741115,56.97125103661474,44.60373477052335,4.124134123707814,258,3.0490401333179116,200000,3.734777446256511,9.246163230333963,5.301029995663981,1.6493712246834678
A_small_dense_07,SA,A,200,1000,0.05,125.78461104643691,143.97493999682843,7.9560404719342275,135.48262158365984,158.42114705288435,10.869596253466659,1.5347508812535846,83,14.461490001885883,200000,5.52598978135326,14.119667791378212,5.301029995663981,1.036213412701931
A_small_dense_07,GA,A,200,1000,0.05,125.78461104643691,145.372657141613,3.5913691174861193,140.54318058751903,150.76201778344281,66.25172982559326,4.516487929405833,91,15.572688846606686,200000,2.4704570915200588,6.817162270774549,5.301029995663981,1.821197222139444
A_small_dense_07,HGASA,A,200,1000,0.05,125.78461104643691,132.3641388594471,2.2668824686100533,130.3708925379069,136.45094754324458,28.994252609990873,1.6057967231232981,243,5.2307891706889205,200000,1.7126107480041686,5.5383276979864995,5.301029995663981,1.4623119183423743
A_small_dense_08,SA,A,200,1000,0.05,91.79460317155788,148.44643916609817,6.616287950077189,137.4006776095278,155.0192972062787,4.973833102416888,0.44426525704310116,72,61.715867858442465,200000,4.457020314696912,8.932049948101866,5.301029995663981,0.6966912083735115
A_small_dense_08,GA,A,200,1000,0.05,91.79460317155788,115.34996789437025,3.1507571995273636,111.3094545751968,120.44354264077712,11.998083685024794,1.128457499497732,178,25.660947276812117,200000,2.731476442553166,9.405314457892949,5.301029995663981,1.0791118867577738
A_small_dense_08,HGASA,A,200,1000,0.05,91.79460317155788,104.98776497718794,3.3335377028535267,102.69011206825834,111.54100148172108,15.018185547057566,1.548968955914374,215,14.372480897349632,200000,3.1751677955787017,10.313955378037363,5.301029995663981,1.176617465657431
A_small_dense_09,SA,A,200,1000,0.05,87.42707957561203,106.99775405007333,4.063666625807728,101.41785203210763,112.95688605937086,14.91587903121138,0.563376588073162,107,22.385140358640758,200000,3.797898995063012,3.7770257246944694,5.301029995663981,1.1736488525459057
A_small_dense_09,GA,A,200,1000,0.05,87.42707957561203,107.765204426722,5.097805893940956,99.56663171755837,113.24926465746897,21.41734711476675,3.0765693616440153,159,23.26295805582797,200000,4.730474851376869,14.364848013892411,5.301029995663981,1.3307656754234667
A_small_dense_09,HGASA,A,200,1000,0.05,87.42707957561203,98.52822461342973,4.400654366764719,93.79466172460243,106.77337102586841,32.51115522808086,2.090903862919573,235,12.697604782985787,200000,4.466389589409993,6.431342867550879,5.301029995663981,1.512032401679057
A_small_dense_10,SA,A,200,1000,0.05,83.56600647969631,95.79338243315053,5.039286526845169,91.39978938037838,105.6657409263237,7.3783826860786235,0.48619591249534727,190,14.631997469479469,200000,5.2605789657357995,6.589464563998441,5.301029995663981,0.8679611765267512
A_small_dense_10,GA,A,200,1000,0.05,83.56600647969631,115.11735672323039,3.336301326591192,111.3353808999387,120.35172171905553,23.295966846369023,1.2341849629329327,106,37.756202040359526,200000,2.898174021327172,5.297848211546954,5.301029995663981,1.367280739567643
A_small_dense_10,HGASA,A,200,1000,0.05,83.56600647969631,94.58804077720842,3.2953157291105493,90.17478513279165,99.98550489552522,25.544852610278504,2.3304189133804716,252,13.189614727120032,200000,3.4838608581314183,9.122851280194034,5.301029995663981,1.4073034012156829
A_small_dense_11,SA,A,200,1000,0.05,110.617463445088,132.74739237369812,5.651643174349707,125.10998416352882,140.57091353487579,11.01860322892773,0.7619043266977149,182,20.005818466083074,200000,4.257441952938501,6.914708796278703,5.301029995663981,1.0421265447502543
A_small_dense_11,GA,A,200,1000,0.05,110.617463445088,120.43374871648375,8.88355914904593,104.84525334173408,128.66364214993706,22.264791209551134,1.9016009561737262,131,8.87408277651266,200000,7.376303771759981,8.54084342528206,5.301029995663981,1.347618626843618
A_small_dense_11,HGASA,A,200,1000,0.05,110.617463445088,121.85748325029734,6.266170003824628,110.30496781394133,127.67327306184902,25.917481281269556,1.5074966923082314,273,10.161162130416256,200000,5.142211899251037,5.81652466899896,5.301029995663981,1.4135927935412822
A_small_dense_12,SA,A,200,1000,0.05,82.87516102875082,104.62678940649869,3.38889217500434,99.09587397103981,108.78914081185603,13.896668019401933,1.4464132791345667,198,26.246257754119895,200000,3.239029118859539,10.408345922311351,5.301029995663981,1.142910682681912
A_small_dense_12,GA,A,200,1000,0.05,82.87516102875082,92.71008984446254,4.539746082738137,86.25936033319753,99.10490618595843,14.363200785939409,1.5777062278701026,160,11.867161033086637,200000,4.896711987178913,10.984363801518176,5.301029995663981,1.1572512316035128
A_small_dense_12,HGASA,A,200,1000,0.05,82.87516102875082,84.71959702018384,4.2973731377625315,77.22823717150416,90.5785166538337,30.36318526268699,3.3654140870989764,186,2.2255594662351843,200000,5.07246645276029,11.083863757978975,5.301029995663981,1.4823473294581528
A_small_dense_13,SA,A,200,1000,0.05,103.21134852653157,116.63558265957747,7.714398884575822,105.29335080190192,129.18423428727624,16.26944586230182,0.6032108172442235,194,13.006548528522577,200000,6.61410412557523,3.707629764096222,5.301029995663981,1.2113727611087757
A_small_dense_13,GA,A,200,1000,0.05,103.21134852653157,120.33336304634699,5.876195646256645,113.87855700489389,128.76820151825646,8.047712462466865,1.0605345023677215,143,16.589275079003574,200000,4.883263874203698,13.178086410441109,5.301029995663981,0.9056724510375471
A_small_dense_13,HGASA,A,200,1000,0.05,103.21134852653157,111.25001671662751,3.5815445864009745,106.19519754638544,117.39357110784314,21.701797055389836,1.051677387566205,85,7.788550682514843,200000,3.219365436612716,4.846038256103826,5.301029995663981,1.3364956978543023
A_small_dense_14,SA,A,200,1000,0.05,89.78555990457416,138.93484253632204,3.4011223212913615,134.2372024490889,142.9582926699227,17.728139366794842,1.8869571774668237,68,54.74074303705929,200000,2.4479981113464744,10.643853471736193,5.301029995663981,1.2486631571949993
A_small_dense_14,GA,A,200,1000,0.05,89.78555990457416,102.7834843863717,2.977163762334232,99.19040924658569,107.59653118033717,11.82712617717674,1.2483595451715377,89,14.476631315338443,200000,2.8965390501287396,10.555053919865546,5.301029995663981,1.0728792300873304
A_small_dense_14,HGASA,A,200,1000,0.05,89.78555990457416,97.6916866530847,2.453310245487449,93.80469378223835,100.15545676184104,16.708984784986736,1.386992147664542,80,8.805566014082142,200000,2.51127842044478,8.3008762382187,5.301029995663981,1.2229500635575299
A_small_dense_15,SA,A,200,1000,0.05,124.11206492900591,154.4115478565969,3.1108937507709626,150.31877638881963,159.48132802019143,7.849090063507657,0.8989400651338096,91,24.413003639027995,200000,2.0146768774444714,11.452793353884449,5.301029995663981,0.8948193123754387
A_small_dense_15,GA,A,200,1000,0.05,124.11206492900591,138.7536966373397,9.201536102372394,125.02781240577623,149.87470075777867,16.302840666105286,1.4656617233362985,258,11.79710587903684,200000,6.631561050530014,8.990222951657186,5.301029995663981,1.2122632840436685
A_small_dense_15,HGASA,A,200,1000,0.05,124.11206492900591,137.97790796100765,9.042581167136351,123.75838537800095,148.1459195682064,25.92491140930317,1.386258261009449,275,11.172034757405108,200000,6.553644203455941,5.347205393002768,5.301029995663981,1.4137172809910103
A_small_dense_16,SA,A,200,1000,0.05,106.98896848713166,141.6958553777325,5.3898510999410565,136.83437114103913,149.77820626527006,13.091595958811775,1.3630581710287377,118,32.43968736344559,200000,3.8038170457228992,10.411703625112887,5.301029995663981,1.116992593369372
A_small_dense_16,GA,A,200,1000,0.05,106.98896848713166,134.67857994472715,5.187019094362288,125.94616481101286,141.33238568379647,20.196247510445072,2.095323373068423,179,25.880809815383838,200000,3.8514061378513715,10.374815281822853,5.301029995663981,1.305270684451743
A_small_dense_16,HGASA,A,200,1000,0.05,106.98896848713166,135.23862798134402,3.1060662780186545,132.22299798771866,141.11264322400154,33.99043043544111,2.315893023146736,222,26.404273163555324,200000,2.2967301017333095,6.813367743445823,5.301029995663981,1.5313566642757124
A_small_dense_17,SA,A,200,1000,0.05,89.90027038701302,102.70936891424199,6.306459923401221,91.9034880192788,109.53500224199162,10.121294796010767,1.0169329592285459,157,14.24812013588712,200000,6.140101910923871,10.047459141584952,5.301029995663981,1.0052360744398225
A_small_dense_17,GA,A,200,1000,0.05,89.90027038701302,117.37102991923652,5.1678073776587095,111.53512803329478,127.04592438787239,21.838829389302255,1.8549405000084334,142,30.556926485275532,200000,4.402966712667256,8.493772568767241,5.301029995663981,1.3392293554891253
A_small_dense_17,HGASA,A,200,1000,0.05,89.90027038701302,148.6687198300564,7.283329598218151,144.41617664147353,163.19477023927948,24.739916095797657,0.5940741101155433,247,65.37071489334815,200000,4.899032968430577,2.4012777885550443,5.301029995663981,1.393398222407335
A_small_dense_18,SA,A,200,1000,0.05,108.74536042340743,135.43343969479213,9.890357732595566,119.48142927682925,147.50366340362058,16.4280543731874,0.6833415993231888,173,24.54180957005692,200000,7.302744251998707,4.159601519450082,5.301029995663981,1.2155861316016399
A_small_dense_18,GA,A,200,1000,0.05,108.74536042340743,135.72487920269887,5.958359496938693,125.32624971320382,143.37632312343422,15.732603605006897,1.8569913235674604,171,24.809811355854496,200000,4.3900274820213,11.803458411527469,5.301029995663981,1.1968006004185467
A_small_dense_18,HGASA,A,200,1000,0.05,108.74536042340743,115.73665020639396,3.436285001706351,111.80252460350913,120.54241480987046,22.735704903990516,1.46844063199096,267,6.429046495193419,200000,2.969055174465824,6.458742485407712,5.301029995663981,1.3567084237343332
A_small_dense_19,SA,A,200,1000,0.05,120.39461351385094,174.3913107983829,9.351540836464476,159.00890069442545,182.07529240922975,7.87746841000927,0.45650717173497457,169,44.849761719879474,200000,5.362389211740011,5.795099998813418,5.301029995663981,0.8963866702546484
A_small_dense_19,GA,A,200,1000,0.05,120.39461351385094,187.35993592256625,15.744561138231633,159.20983534998143,206.02659162457056,10.612137734066888,1.3150451703898112,149,55.621526955615174,200000,8.40337666679107,12.391896932964576,5.301029995663981,1.025802878019398
A_small_dense_19,HGASA,A,200,1000,0.05,120.39461351385094,151.37100277920763,7.572318537815291,139.95118580429997,160.84540047897366,37.440517661982504,1.6867342820642057,278,25.729049133741327,200000,5.002489511720026,4.505104062107916,5.301029995663981,1.5733418447719516
A_small_dense_20,SA,A,200,1000,0.05,107.32943781794006,140.92012467512478,5.057908372941265,132.37207652081744,146.97692227195904,31.499885381611442,1.8536005142783145,199,31.296806859422542,200000,3.5892023120201557,5.884467488762303,5.301029995663981,1.4983089735285136
A_small_dense_20,GA,A,200,1000,0.05,107.32943781794006,126.91981600746544,5.744014669659466,120.12015557439226,135.1897476383634,22.863715000515207,1.102906727766028,296,18.252567597303543,200000,4.5257035901482885,4.823829932017501,5.301029995663981,1.359146797937666
A_small_dense_20,HGASA,A,200,1000,0.05,107.32943781794006,128.80478796714164,6.582441843598767,119.18673938971166,136.98211804460124,19.72937021816029,0.7480892270104847,289,20.00881639353186,200000,5.110401521159261,3.7917542158638753,5.301029995663981,1.295113222345799
A_small_dense_21,SA,A,200,1000,0.05,98.94249636431405,119.3283002606405,2.77954542223513,115.38493386506703,123.21270732605029,14.694715444890496,1.183582506980588,94,20.603688652916453,200000,2.329326250490422,8.054477212705278,5.301029995663981,1.1671611806154785
A_small_dense_21,GA,A,200,1000,0.05,98.94249636431405,107.32016219832356,5.692879173515165,97.32090404823832,114.59606703219691,11.941641705679805,1.0848821386234666,134,8.46720685433515,200000,5.304575633229982,9.084865928505156,5.301029995663981,1.0770640365677082
A_small_dense_21,HGASA,A,200,1000,0.05,98.94249636431405,106.79654808902703,7.270700104240042,100.81900185478469,121.09698125650397,28.72650888613212,3.1321894361003624,256,7.937996324444592,200000,6.807991676078415,10.90348099212447,5.301029995663981,1.4582828496740063
A_small_dense_22,SA,A,200,1000,0.05,61.04741131313946,69.92278377497831,3.1596184423133553,66.19402241642265,75.78000928813303,9.26157093699552,1.0710621401112008,159,14.538491102125686,200000,4.518725187603324,11.564583885362502,5.301029995663981,0.9666846574599184
A_small_dense_22,GA,A,200,1000,0.05,61.04741131313946,66.52351439932588,1.516343175701024,65.55297573439009,69.53899531066594,34.611096005010545,2.7937039873551632,295,8.970246187994823,200000,2.2794093026997233,8.071700436619306,5.301029995663981,1.5392153520069776
A_small_dense_22,HGASA,A,200,1000,0.05,61.04741131313946,72.06587843228706,2.8715978431053397,67.86464511479717,75.75672063286493,46.82180260418145,2.0106107889538993,117,18.049032517740937,200000,3.9846844381470863,4.294176381783175,5.301029995663981,1.6704481296933498
A_small_dense_23,SA,A,200,1000,0.05,75.97537837603262,93.97080771138504,6.9793596629859715,81.44058687312423,102.02639258061807,9.812943507066606,0.9846065062271059,140,23.685869975251475,200000,7.4271572554977485,10.033752925593225,5.301029995663981,0.9917992986265801
A_small_dense_23,GA,A,200,1000,0.05,75.97537837603262,99.7975057886402,3.9442853792888273,96.59146228864084,106.9764225822896,18.759390722995484,1.7029568576835237,249,31.355062550267675,200000,3.95228853478801,9.077890016950384,5.301029995663981,1.2732187290356916
A_small_dense_23,HGASA,A,200,1000,0.05,75.97537837603262,78.87330505127863,2.7121762761094486,75.35494751061773,83.30344634448306,24.109547893909134,2.095931660210077,267,3.8142971278181865,200000,3.4386492037402974,8.693367745562655,5.301029995663981,1.3821890664943572
A_small_dense_24,SA,A,200,1000,0.05,50.907240465272494,68.3404128106343,2.1087497781825535,66.24197980447848,72.33452742853805,12.222289313082385,0.6835060255823251,194,34.244976129189794,200000,3.0856556047235575,5.592291329994292,5.301029995663981,1.0871525596642952
A_small_dense_24,GA,A,200,1000,0.05,50.907240465272494,60.40886676204983,3.389695135773753,55.22516938896561,64.45698786576038,13.500490925272384,1.9689094424078941,118,18.664587217724137,200000,5.611254303322295,14.583984044033343,5.301029995663981,1.1303495612550294
A_small_dense_24,HGASA,A,200,1000,0.05,50.907240465272494,56.415714346257644,1.5004171612997839,54.46155541356738,58.26078394116151,19.479248844107,2.0299315416886743,104,10.820609859500983,200000,2.6595730971176024,10.420994967179052,5.301029995663981,1.2895722056663557
B_small_sparse_00,SA,B,200,1000,0.02,121.49240402022477,153.6719391499982,11.531838480976095,138.7456625429334,170.30117916799978,20.725697074996685,3.053796882574692,133,26.486870014043447,200000,7.504192726897226,14.734350654283993,5.301029995663981,1.3165091462540826
B_small_sparse_00,GA,B,200,1000,0.02,121.49240402022477,136.10575777673859,5.381188764880918,128.67962489778898,144.41993186362257,15.348203252171245,1.4034209182030233,124,12.028203634921192,200000,3.9536819402658656,9.143877593649192,5.301029995663981,1.1860575418106107
B_small_sparse_00,HGASA,B,200,1000,0.02,121.49240402022477,141.50966804178879,6.2255934185769375,131.04168698027183,148.10385974456278,31.555784242276758,2.1299319543819375,237,16.47614448244168,200000,4.399412071787545,6.749735446372992,5.301029995663981,1.4990789779781037
B_small_sparse_01,SA,B,200,1000,0.02,53.320310879136656,63.15476700262889,2.5651119872978945,60.05465359004436,67.37683736681306,9.39226694482041,0.6379610662392667,141,18.444108748323686,200000,4.06162845504777,6.79240773273683,5.301029995663981,0.9727704274954212
B_small_sparse_01,GA,B,200,1000,0.02,53.320310879136656,69.65013060348676,3.029139693337683,65.11353838872016,73.84617085763095,21.172996164116388,1.9325671733314362,124,30.625889937824212,200000,4.349079703213135,9.127509202531838,5.301029995663981,1.3257823188352575
B_small_sparse_01,HGASA,B,200,1000,0.02,53.320310879136656,58.560548482281966,2.7639454674675625,53.550199993438305,61.29031549410726,22.928894228732524,3.3844823311642567,268,9.827845180842198,200000,4.719808026224037,14.760774319954399,5.301029995663981,1.3603831109035391
B_small_sparse_02,SA,B,200,1000,0.02,57.219840897917585,65.1081700507589,2.67747212211418,60.500707355623454,68.14367009599599,10.139522103698825,1.218544203923231,166,13.78600329720315,200000,4.112344303375136,12.017767617259938,5.301029995663981,1.0060174862973645
B_small_sparse_02,GA,B,200,1000,0.02,57.219840897917585,65.26376800254346,4.182904614200514,59.88175519534822,70.23228350275187,34.87209726471178,2.8834778488212387,121,14.057933364366654,200000,6.409229412003148,8.268725069596329,5.301029995663981,1.5424780673387368
B_small_sparse_02,HGASA,B,200,1000,0.02,57.219840897917585,61.20114158478142,1.6575930225543938,58.836268512812175,63.46221887944307,13.837768969863669,2.05934576584701,107,6.957902406556194,200000,2.7084348095993347,14.882064950874078,5.301029995663981,1.1410660755122406
B_small_sparse_03,SA,B,200,1000,0.02,75.81334327011275,92.28321536303207,4.104944759077676,86.39776022547649,97.73418904544975,25.40110420084627,2.4601971613819815,77,21.724239273078062,200000,4.448203005204437,9.685394547926846,5.301029995663981,1.4048525960652598
B_small_sparse_03,GA,B,200,1000,0.02,75.81334327011275,85.10779313127145,2.0919512768006596,81.81644671755846,87.2078344143509,22.45044316680599,1.502360456611526,209,12.259649106943908,200000,2.4580020228864408,6.691896660787681,5.301029995663981,1.351224918301426
B_small_sparse_03,HGASA,B,200,1000,0.02,75.81334327011275,78.86173495836196,3.729830552177777,74.84009453378597,84.67434675834694,17.60776922877454,1.300302813521524,230,4.020917106093318,200000,4.729582165732319,7.384824259262637,5.301029995663981,1.2457043376253367
B_small_sparse_04,SA,B,200,1000,0.02,116.68642575461044,136.75912420711427,5.199567967625764,129.81649827014172,143.5159773115355,6.582169930330605,0.6248003611119873,194,17.202256665840782,200000,3.8019898107502503,9.492315873416008,5.301029995663981,0.8183690901814246
B_small_sparse_04,GA,B,200,1000,0.02,116.68642575461044,150.46228417582125,2.531154281086904,146.4904765567943,153.9955228193652,20.794662624740276,2.6086378477051624,240,28.945833418739614,200000,1.6822516652273787,12.544747153539088,5.301029995663981,1.3179518787090214
B_small_sparse_04,HGASA,B,200,1000,0.02,116.68642575461044,128.45189710522905,3.791842666864826,123.70895234409252,135.3427200247641,33.648860144497846,2.7750889087793897,102,10.082982038854455,200000,2.9519553640834992,8.247200341593631,5.301029995663981,1.5269703570788877
B_small_sparse_05,SA,B,200,1000,0.02,93.5583314812933,121.77948860183206,7.140342382898962,115.56483229421585,135.68767759959067,14.5718228510223,0.9929465943947132,159,30.164237298504514,200000,5.863337467481812,6.814154993141795,5.301029995663981,1.163513882904003
B_small_sparse_05,GA,B,200,1000,0.02,93.5583314812933,114.10604508789397,3.415495161170856,111.45413259741191,120.46755235318918,12.5148019035262,1.5556071413454469,125,21.962462648993622,200000,2.9932639927533704,12.43013795453794,5.301029995663981,1.0974239795625917
B_small_sparse_05,HGASA,B,200,1000,0.02,93.5583314812933,106.74826484406196,1.9228741284572972,103.46051788873868,109.02518483940356,28.32847067136488,2.1019459606083397,223,14.098085284265633,200000,1.8013165190705769,7.419906231412058,5.301029995663981,1.452223129518144
B_small_sparse_06,SA,B,200,1000,0.02,58.96263391549421,77.23352027003884,2.344033891542232,74.318083602401,81.40142690166246,29.538380423134207,2.008561346526766,103,30.987228929987477,200000,3.0349955347711273,6.799835731527374,5.301029995663981,1.4703866794465363
B_small_sparse_06,GA,B,200,1000,0.02,58.96263391549421,68.99165628226294,1.0623945363709824,67.2912578759041,70.63578820757614,18.118730176210583,2.1611682898300835,116,17.00911526636075,200000,1.5398884352398325,11.927813201101923,5.301029995663981,1.258127757535661
B_small_sparse_06,HGASA,B,200,1000,0.02,58.96263391549421,63.66366654044881,1.6736913388680053,60.53603512179719,65.50980073379235,19.468172987873622,1.1884625318474416,240,7.972901332210096,200000,2.6289584465020135,6.104643371454084,5.301029995663981,1.2893251965885826
B_small_sparse_07,SA,B,200,1000,0.02,71.67398000907757,84.17024309381672,5.193295580675408,77.55225410657093,92.4561410580474,16.617331051970783,1.8867649036553737,73,17.434866995186386,200000,6.1699899985876545,11.35419940635778,5.301029995663981,1.2205612720064427
B_small_sparse_07,GA,B,200,1000,0.02,71.67398000907757,76.59462695431701,3.2335669928271185,72.10347093730878,80.68195487316231,13.822193399248894,0.44804897226776846,84,6.865318410692746,200000,4.221662956535711,3.241518616662647,5.301029995663981,1.1405769652961673
B_small_sparse_07,HGASA,B,200,1000,0.02,71.67398000907757,74.81543440923357,4.102043009821977,67.97461512842726,79.85849738717835,15.668213168833535,1.472232155756658,265,4.382977476286568,200000,5.482883367867888,9.396298990143638,5.301029995663981,1.1950194715698763
B_small_sparse_08,SA,B,200,1000,0.02,145.762528450538,171.52152383397495,8.281369977257148,162.39436184045036,184.38509706728567,5.761598280655825,0.5798162629692475,153,17.671891162465535,200000,4.828181205568776,10.063462163197688,5.301029995663981,0.760542974427481
B_small_sparse_08,GA,B,200,1000,0.02,145.762528450538,157.3461376980037,5.813472909011216,148.63097448770267,163.8395658061785,27.09263650922089,2.439582899808282,145,7.946904715910155,200000,3.694703279065599,9.004597610786155,5.301029995663981,1.4328512702856842
B_small_sparse_08,HGASA,B,200,1000,0.02,145.762528450538,155.18926784728924,6.728125845443774,146.30024026901398,166.01285956153666,21.945275656847897,2.6242433558702416,91,6.467189816860258,200000,4.3354324295572075,11.958124367653415,5.301029995663981,1.341341040432578
B_small_sparse_09,SA,B,200,1000,0.02,143.05952146439162,169.2033903065402,5.065220550073662,162.33059070501142,176.26635814641475,11.579959780915269,1.0671044614180554,74,18.274819162355403,200000,2.9935691837481326,9.215096439080313,5.301029995663981,1.0637070510186282
B_small_sparse_09,GA,B,200,1000,0.02,143.05952146439162,163.33243526415032,7.283022046913219,151.2163148498232,170.261036023185,19.43227820826018,1.328555952873448,275,14.170964359617788,200000,4.459017607332377,6.83685123604659,5.301029995663981,1.2885237195537282
B_small_sparse_09,HGASA,B,200,1000,0.02,143.05952146439162,146.6107212477654,6.818266051956747,133.4173655449836,151.96052274070684,24.702096207700116,2.494147416040068,290,2.4823232644865967,200000,4.650591712480692,10.096905926803874,5.301029995663981,1.3927338088389838
B_small_sparse_10,SA,B,200,1000,0.02,88.64608411591472,109.17922780506076,5.717699359458146,102.15731169384392,119.467003705261,26.127051773113,1.9278483995444573,193,23.16305778639545,200000,5.236984611822941,7.378744514635136,5.301029995663981,1.4170904058655946
B_small_sparse_10,GA,B,200,1000,0.02,88.64608411591472,97.40886958172706,4.557841041594658,89.1997648542453,102.08967045385394,17.56081867399601,2.2519061172203596,93,9.88513542725025,200000,4.679082162811243,12.823468877080163,5.301029995663981,1.2445447585695806
B_small_sparse_10,HGASA,B,200,1000,0.02,88.64608411591472,92.85130990860982,3.2115081771551006,89.56495500188343,98.49081309906578,14.594121836657123,1.4284588753924357,92,4.743837062442936,200000,3.458764534734159,9.787905647083683,5.301029995663981,1.164177967568767
B_small_sparse_11,SA,B,200,1000,0.02,51.212077464389324,60.98174697082711,2.1975171424828766,57.57499116569672,64.14026587679955,13.94340981457357,0.5364904344016992,91,19.076885746787354,200000,3.603565413654254,3.8476272413722112,5.301029995663981,1.1443689920237343
B_small_sparse_11,GA,B,200,1000,0.02,51.212077464389324,65.25908903595118,3.0801392821426044,61.67640381777646,69.63710382975766,37.302853344578565,3.5842106532803637,279,27.429099280984143,200000,4.719862516692132,9.60840882645584,5.301029995663981,1.5717420528384602
B_small_sparse_11,HGASA,B,200,1000,0.02,51.212077464389324,55.30959779419875,1.2426808561258293,53.50036058377154,56.87025372691955,22.852015704679175,0.7828675461966844,218,8.001082035109134,200000,2.2467725416296016,3.4258139689462257,5.301029995663981,1.3589245138504913
B_small_sparse_12,SA,B,200,1000,0.02,147.074995767067,214.83592596262625,14.224289236848973,193.43993439864005,230.90866916252415,4.827592187338874,0.28019333858373474,122,46.07236589887582,200000,6.6210012003874485,5.80399768063645,5.301029995663981,0.6837305757855194
B_small_sparse_12,GA,B,200,1000,0.02,147.074995767067,173.56696196418574,6.8757616646381585,164.39595082627974,184.50583959276796,16.542848259257877,1.1812429645054268,111,18.0125561513365,200000,3.9614461109579837,7.1405053470424455,5.301029995663981,1.2186102861587302
B_small_sparse_12,HGASA,B,200,1000,0.02,147.074995767067,158.04614882792,6.626307150247226,146.59331418385864,166.2844608777687,28.61615814144789,1.8211896294355958,258,7.459563744083857,200000,4.192640693486256,6.36420032498272,5.301029995663981,1.4566113271887327
B_small_sparse_13,SA,B,200,1000,0.02,138.69249002092695,177.61955053083784,6.743436495400799,170.9183105107886,190.1996049472791,24.197070420315008,0.7374460777557638,138,28.067172565751243,200000,3.7965620762169543,3.047666783399655,5.301029995663981,1.3837627884057149
B_small_sparse_13,GA,B,200,1000,0.02,138.69249002092695,193.28887902628617,6.793503023331091,185.06116929257234,203.13473546395912,11.792276906269784,1.0816932814252544,270,39.365065114283624,200000,3.5146890279224055,9.172895870941884,5.301029995663981,1.0715976687386026
B_small_sparse_13,HGASA,B,200,1000,0.02,138.69249002092695,143.55506948938347,5.8251920748098724,134.51630629187898,152.54039548848618,32.73958943102859,1.8768673114605536,296,3.5060149743672593,200000,4.05781007632104,5.73271486930063,5.301029995663981,1.5150732288646598
B_small_sparse_14,SA,B,200,1000,0.02,105.50849493022862,136.95039561024,5.689866278381623,129.1470005913662,145.57883192131845,22.311671698125288,1.0986595559881138,124,29.8003499157139,200000,4.1546913778730135,4.924147194584381,5.301029995663981,1.3485321109415016
B_small_sparse_14,GA,B,200,1000,0.02,105.50849493022862,130.64633850349918,7.472823447459218,121.90626975483056,140.20208695908877,16.987819978632768,1.0498221359652127,96,23.825421441082902,200000,5.719887394516662,6.179852019185958,5.301029995663981,1.2301376500876162
B_small_sparse_14,HGASA,B,200,1000,0.02,105.50849493022862,120.93734118935554,6.868563097657126,113.1366676844845,130.13868289957097,18.696447265344435,1.4972998776274071,139,14.623321344247975,200000,5.679439476764082,8.008472713437854,5.301029995663981,1.2717590889085397
B_small_sparse_15,SA,B,200,1000,0.02,82.21080042291855,101.30655648686935,5.31557223198608,92.11567958857928,106.98969432704862,18.03665657061914,1.3888793436227962,167,23.22779484656049,200000,5.247016991121446,7.700314845963276,5.301029995663981,1.2561560361159525
B_small_sparse_15,GA,B,200,1000,0.02,82.21080042291855,99.72840828032311,5.112781694730891,92.65056853942907,107.0377620653601,24.68761145570652,2.8643104016527445,140,21.308158742267924,200000,5.126705402095209,11.60221760129274,5.301029995663981,1.3924790736586996
B_small_sparse_15,HGASA,B,200,1000,0.02,82.21080042291855,120.16129188268444,5.612513010383895,111.52962805941425,126.34021662845603,25.276409012803697,3.399897917977381,271,46.162415722187916,200000,4.670816135917954,13.450873960202067,5.301029995663981,1.4027153743294911
B_small_sparse_16,SA,B,200,1000,0.02,98.29688720853552,112.01828435800863,7.343498615419157,98.19976326346939,119.82172347726903,9.880191058398271,0.689001013119249,85,13.959136997251342,200000,6.555624965607805,6.973559610809252,5.301029995663981,0.9947653428473259
B_small_sparse_16,GA,B,200,1000,0.02,98.29688720853552,106.73655391984337,3.2890816725837455,102.62225273825285,112.47068811122931,26.024101399636482,3.183530208539823,298,8.585894173233799,200000,3.081495094036639,12.233007240681488,5.301029995663981,1.4153757424508953
B_small_sparse_16,HGASA,B,200,1000,0.02,98.29688720853552,105.61159733597087,1.428983130174349,103.9684602918536,108.21259743538401,17.126624304092076,1.418003468183254,295,7.441446352128413,200000,1.3530551248348965,8.279526910883714,5.301029995663981,1.2336717709879048
B_small_sparse_17,SA,B,200,1000,0.02,83.82631053323483,101.6707822938532,3.623451535956815,97.00797321995873,108.10244716043418,11.329561450945004,1.4039684045907899,147,21.287435468776263,200000,3.563906418546247,12.392080758551199,5.301029995663981,1.0542130993496488
B_small_sparse_17,GA,B,200,1000,0.02,83.82631053323483,95.17065471243771,5.9487307745605325,85.12945467777496,100.89775792589806,27.62913245542257,2.731064591071111,271,13.533154575263284,200000,6.250593518070126,9.884727996716759,5.301029995663981,1.4413672484439113
B_small_sparse_17,HGASA,B,200,1000,0.02,83.82631053323483,101.74567230658434,2.117887353208359,98.82996462830414,104.28741329672302,13.69019533891282,1.2855220387176256,210,21.376774975972456,200000,2.081550305969429,9.390092740778327,5.301029995663981,1.1364096449204548
B_small_sparse_18,SA,B,200,1000,0.02,140.922020586156,177.8718607319482,7.085094534536449,166.10095610614223,186.03074209469943,40.17484166582203,4.320507207915037,134,26.220061273675842,200000,3.9832576695274144,10.754260698407743,5.301029995663981,1.6039541738287788
B_small_sparse_18,GA,B,200,1000,0.02,140.922020586156,160.62757203654172,10.008547476300492,143.44462712621495,173.8412454929159,11.387876988340121,0.73829364282887,299,13.983301806503873,200000,6.230902546434315,6.48315435427339,5.301029995663981,1.056442767258406
B_small_sparse_18,HGASA,B,200,1000,0.02,140.922020586156,147.70102325575925,8.339555977186434,139.13867551467058,162.14212769365508,16.96157244281757,1.3372483311898025,181,4.81046371703047,200000,5.646241165672664,7.883987971622669,5.301029995663981,1.2294661115753602
B_small_sparse_19,SA,B,200,1000,0.02,147.9782457854522,187.40449759622362,4.6192116839747355,181.06776465606808,193.6024448003871,17.108201876256803,1.464418944574741,180,26.643275571690435,200000,2.464835019022413,8.559747863433262,5.301029995663981,1.2332043662765597
B_small_sparse_19,GA,B,200,1000,0.02,147.9782457854522,193.3478625631149,10.403510130514267,177.95186769192622,209.5698573582112,12.893642822490076,1.6584005076312418,96,30.65965307052112,200000,5.38072156195584,12.86215641663761,5.301029995663981,1.110375635289531
B_small_sparse_19,HGASA,B,200,1000,0.02,147.9782457854522,177.67227675042167,7.638104975697258,168.19875456277833,189.34959989665117,27.693411487133993,1.0462845801334903,166,20.06648396685393,200000,4.298985252733939,3.77809928047175,5.301029995663981,1.4423764587711003
B_small_sparse_20,SA,B,200,1000,0.02,57.70780119514607,68.30059504263102,1.254639060009993,67.0710315856251,70.62094500742448,12.143084123298372,0.7717352978972826,126,18.35591311418036,200000,1.836937231991739,6.35534836176083,5.301029995663981,1.0843290036767739
B_small_sparse_20,GA,B,200,1000,0.02,57.70780119514607,73.12894793481493,2.736870260096743,70.62522629592068,77.92965484276493,25.459829547478623,2.0007491019523433,93,26.72281116294892,200000,3.7425265061057784,7.858454426103903,5.301029995663981,1.40585549174351
B_small_sparse_20,HGASA,B,200,1000,0.02,57.70780119514607,74.5209263496835,1.8387929626568182,71.9866912609392,76.30746030716746,22.710000880007186,1.7680762256088751,254,29.13492596552375,200000,2.467485379916547,7.785452034770311,5.301029995663981,1.3562171510485443
B_small_sparse_21,SA,B,200,1000,0.02,94.98422079725593,111.79076821727506,3.5996489862400636,106.96629743592072,116.09549666793015,6.1040313983216,0.5893249303329362,60,17.69404147231228,200000,3.219987699917969,9.654683796269142,5.301029995663981,0.7856167589053333
B_small_sparse_21,GA,B,200,1000,0.02,94.98422079725593,160.2707802128154,5.866597836753637,150.55377665255293,167.04554548381864,9.112112398101653,1.2330425515600825,155,68.73411064234953,200000,3.6604288248698116,13.531906737859876,5.301029995663981,0.9596190681358225
B_small_sparse_21,HGASA,B,200,1000,0.02,94.98422079725593,119.79955652417623,4.883989678332056,114.35218142558739,128.89964097438806,17.67046989541017,1.6086864506232816,170,26.125745432905845,200000,4.076801133522092,9.103812519672331,5.301029995663981,1.24724809847509
B_small_sparse_22,SA,B,200,1000,0.02,124.35939161765597,148.3567535665291,3.70107987238508,143.00137846563217,154.5963695837395,8.787135438872935,0.46340442230607864,84,19.296783006669276,200000,2.494716137560511,5.273668825633992,5.301029995663981,0.9438473203698329
B_small_sparse_22,GA,B,200,1000,0.02,124.35939161765597,143.5103013152734,5.06844688689053,137.27491576343414,150.52089200901835,42.674283898300565,3.345601308796978,96,15.39964891151693,200000,3.5317652046146937,7.839853427347637,5.301029995663981,1.6301662421095384
B_small_sparse_22,HGASA,B,200,1000,0.02,124.35939161765597,126.58202643319574,6.800198032422658,114.50035429379383,135.28735720168905,29.438214044369225,2.953716654467097,188,1.7872673600505165,200000,5.372167142553604,10.033613622128232,5.301029995663981,1.4689114587156362
B_small_sparse_23,SA,B,200,1000,0.02,110.79052140907038,134.10197604682998,5.79228211192523,126.23776297582523,142.77596055362707,10.631975842032753,0.8457932906765165,171,21.041018980032614,200000,4.319311528938617,7.955184466585538,5.301029995663981,1.0266139811322124
B_small_sparse_23,GA,B,200,1000,0.02,110.79052140907038,129.09612185280167,4.920596874364046,121.01680921338996,133.64510995950172,18.299450025553405,1.5242891770862628,196,16.522713505555018,200000,3.8115760595617445,8.329699389641442,5.301029995663981,1.2624380375743345
B_small_sparse_23,HGASA,B,200,1000,0.02,110.79052140907038,138.06090483241687,10.377970156747383,127.486761532742,157.96176411397508,25.483090828505336,2.849202053478967,225,24.614365088739326,200000,7.516950703274416,11.180755398367356,5.301029995663981,1.4062521021702166
B_small_sparse_24,SA,B,200,1000,0.02,90.38978641701237,104.13396815407722,4.833762670190756,97.40212023273942,110.64581047583306,22.27207899478342,2.695818438819235,83,15.205458804445232,200000,4.641869272703306,12.10402692739484,5.301029995663981,1.3477607582922542
B_small_sparse_24,GA,B,200,1000,0.02,90.38978641701237,102.34809023766825,3.6239705139636356,97.87209968260822,106.33984077199139,11.06581666327121,1.0004169770952223,241,13.229706911228172,200000,3.5408286618228146,9.040606830363707,5.301029995663981,1.0439834706143325
B_small_sparse_24,HGASA,B,200,1000,0.02,90.38978641701237,111.6274762868658,7.21969171129086,99.54452594100034,120.30751526742625,36.50221464077192,1.9541065914418547,201,23.495674358465187,200000,6.467665445322207,5.353391871350113,5.301029995663981,1.562319214513707
C_large_dense_00,SA,C,1000,10000,0.05,3080.694801002628,4720.78874648715,121.05326950849569,4571.170202317926,4921.441475780433,1004.7456473808281,127.12556098826964,135,53.2377937908924,10000000,2.564259406832688,12.652511739628897,7.0,3.002056133478073
C_large_dense_00,GA,C,1000,10000,0.05,3080.694801002628,3490.2268713930403,91.71073407148486,3347.377551232565,3595.9808965299258,2191.8188818127564,223.63210979650873,208,13.293496981821368,10000000,2.6276439168804155,10.203037835478106,7.0,3.3408046639185676
C_large_dense_00,HGASA,C,1000,10000,0.05,3080.694801002628,3490.8009383749113,196.6974214801223,3226.021016065049,3813.842292067451,1187.9027976443308,132.81706319307307,243,13.312131316572223,10000000,5.63473612367286,11.180802289249236,7.0,3.074780905145355
C_large_dense_01,SA,C,1000,10000,0.05,7034.71404417417,8192.921080959815,592.2487474857719,7344.15229992726,8887.611408817593,582.500834734439,45.386979547635335,157,16.46416655336288,10000000,7.228786187897576,7.7917449797865395,7.0,2.7652965520505046
C_large_dense_01,GA,C,1000,10000,0.05,7034.71404417417,7991.554198163069,383.42926395236594,7512.89347385897,8522.857941798919,1028.7286842641754,169.3937996245265,83,13.60169223625102,10000000,4.797931096312913,16.466324135375867,7.0,3.0123008495303107
C_large_dense_01,HGASA,C,1000,10000,0.05,7034.71404417417,8266.690327582033,337.471316657206,7775.897971966608,8756.580544346485,1139.7552802696114,87.11179947402933,143,17.512812541799473,10000000,4.082302630004464,7.6430266200146795,7.0,3.056811612882461
C_large_dense_02,SA,C,1000,10000,0.05,3996.977941858406,4972.120566955848,42.78111543353623,4923.899490223822,5029.5252818692725,567.5053618958212,33.61762429042808,84,24.39699791398013,10000000,0.8604199125390221,5.9237544783936995,7.0,2.753969969179287
C_large_dense_02,GA,C,1000,10000,0.05,3996.977941858406,4609.43097740923,80.09692332592306,4518.771122097975,4720.942942626913,1128.005262762886,87.44553510003162,247,15.322902564382476,10000000,1.737674860920517,7.752227581442874,7.0,3.0523111258738744
C_large_dense_02,HGASA,C,1000,10000,0.05,3996.977941858406,4192.109920418197,178.23044172633473,3885.238149819446,4380.685798467564,999.1888931168942,69.05935790305404,197,4.881987876797338,10000000,4.251568902290491,6.911541789423678,7.0,2.999647597819188
C_large_dense_03,SA,C,1000,10000,0.05,4107.47850623941,5084.290027459311,214.3202791517509,4717.635609856647,5371.418985594617,509.76758677481956,91.47645426705358,101,23.781293553602005,10000000,4.215343302491531,17.944737296030087,7.0,2.7073722176919746
C_large_dense_03,GA,C,1000,10000,0.05,4107.47850623941,4826.365140887361,307.07133315853525,4461.105689752833,5325.59431480337,339.2556273406969,28.725845457184445,264,17.50189644464203,10000000,6.362372597073707,8.467315835659393,7.0,2.5305270601718433
C_large_dense_03,HGASA,C,1000,10000,0.05,4107.47850623941,4124.868674326313,151.92017787676212,3973.3147010522603,4389.762136922269,772.7461328176167,56.38112626358094,251,0.4233781883578144,10000000,3.683030657977838,7.296202966167155,7.0,2.8880368403284553
C_large_dense_04,SA,C,1000,10000,0.05,5359.045818035768,7678.924900911481,201.30807404226186,7342.26564025615,7872.58702547789,693.5340803216267,37.86413781784567,150,43.289032444324384,10000000,2.621565865533687,5.459592959049131,7.0,2.8410678072001607
C_large_dense_04,GA,C,1000,10000,0.05,5359.045818035768,7705.654101006342,273.5879985346627,7336.919027698805,8155.584707976249,744.0559166050746,92.98862659854294,126,43.787800340745505,10000000,3.550483773972318,12.497532043401366,7.0,2.8716055744712996
C_large_dense_04,HGASA,C,1000,10000,0.05,5359.045818035768,5559.5412173782115,281.07336049860066,5163.827211754835,5978.942664102241,1904.901175816467,97.49389229597816,241,3.741251822622598,10000000,5.055693437796838,5.1180551271480486,7.0,3.2798724498747047
C_large_dense_05,SA,C,1000,10000,0.05,4473.671769224141,6557.772726821082,327.34968061737686,6255.3829800869125,7159.179109832897,1101.137138370817,34.78692841367769,102,46.585915666280144,10000000,4.991781421129877,3.159182194612612,7.0,3.04184141046019
C_large_dense_05,GA,C,1000,10000,0.05,4473.671769224141,4701.961192411144,322.68692770603536,4324.698309064728,5176.0743740492835,514.3565924647495,39.02229635635336,163,5.1029542390096925,10000000,6.862815631631425,7.58662315755731,7.0,2.711264310521777
C_large_dense_05,HGASA,C,1000,10000,0.05,4473.671769224141,4659.163585106095,128.02080938234005,4471.0640394916445,4872.899040220975,1159.8274516101862,53.43540232822089,134,4.146299179971425,10000000,2.747720852549221,4.607185513158584,7.0,3.064393383720467
C_large_dense_06,SA,C,1000,10000,0.05,5089.802638562895,5907.53368374704,353.6279197478989,5409.87156993207,6310.309931750055,1200.6074909794268,110.10541362985106,53,16.066065882174012,10000000,5.986049994447076,9.170808482964713,7.0,3.079401048732399
C_large_dense_06,GA,C,1000,10000,0.05,5089.802638562895,7092.088059927936,188.86890124782326,6780.854337415393,7320.3117458870975,875.8495857182282,69.8524886812888,260,39.339156418261176,10000000,2.663093008037782,7.975397810345168,7.0,2.942429528883289
C_large_dense_06,HGASA,C,1000,10000,0.05,5089.802638562895,5738.418788873799,176.45847227751045,5538.315442453869,6067.4727972727915,1667.2966344743677,123.59582585647964,133,12.743444026624202,10000000,3.0750364999439426,7.41294760037973,7.0,3.2220128735260727
C_large_dense_07,SA,C,1000,10000,0.05,4578.210933429528,5545.492947488265,174.10492180906041,5263.563629567998,5795.662798999541,752.9862525938729,73.78438637488283,57,21.127947753472064,10000000,3.139575209232179,9.798902187219456,7.0,2.876787047280219
C_large_dense_07,GA,C,1000,10000,0.05,4578.210933429528,5066.266100164152,340.7397195341842,4656.144170642737,5572.712413986744,749.9508073541472,33.61782791233705,87,10.660390572459326,10000000,6.725657768413386,4.48267107424578,7.0,2.8750327769979505
C_large_dense_07,HGASA,C,1000,10000,0.05,4578.210933429528,5349.741306462697,240.3952632383279,5078.86616263534,5760.785714862348,1434.0277729824325,164.03184312358414,250,16.85222424767609,10000000,4.493586688910004,11.438540188272462,7.0,3.1565575624449025
C_large_dense_08,SA,C,1000,10000,0.05,2730.283670949782,3541.629311509233,144.11476671200828,3391.645259742883,3797.257741091739,820.88854808781,138.42121399891175,139,29.716532724865502,10000000,4.06916574367844,16.86236387647899,7.0,2.9142841970266957
C_large_dense_08,GA,C,1000,10000,0.05,2730.283670949782,3011.775557140382,172.61469141054945,2775.684412665423,3216.3943810714095,690.672310054386,44.48378107271219,147,10.30998680414323,10000000,5.731326526019206,6.440649266684714,7.0,2.8392720449280495
C_large_dense_08,HGASA,C,1000,10000,0.05,2730.283670949782,2964.832398737769,176.43432548230209,2790.7649406361143,3272.3665442927168,2233.4748942248,224.83612370952005,215,8.5906358479738,10000000,5.95090385403965,10.066651041876014,7.0,3.348981075070265
C_large_dense_09,SA,C,1000,10000,0.05,3430.6794887667393,4188.916797144815,115.5250764647803,4029.049090634622,4363.923589794081,762.185761080833,48.64396105530198,53,22.10166559892329,10000000,2.7578746979057387,6.382166072785382,7.0,2.8820608311564517
C_large_dense_09,GA,C,1000,10000,0.05,3430.6794887667393,3650.9893460507906,257.7548623805637,3284.298677504796,3964.2388097357416,899.2175635846124,80.14970952691354,276,6.4217557485455545,10000000,7.05986344932429,8.913272246085505,7.0,2.953864780980086
C_large_dense_09,HGASA,C,1000,10000,0.05,3430.6794887667393,4022.790696175408,124.76812318945694,3874.089387821664,4167.95889856272,1545.9886904292603,151.83894405013055,279,17.259298321147476,10000000,3.101531563848894,9.821478319351149,7.0,3.189206312543412
C_large_dense_10,SA,C,1000,10000,0.05,5805.071271236601,6795.513855345717,138.63468365694385,6538.7682150190485,6921.680849068008,1856.1909551052217,173.2810070097445,100,17.061678278036563,10000000,2.0400912514936063,9.335300688388589,7.0,3.2686226520997637
C_large_dense_10,GA,C,1000,10000,0.05,5805.071271236601,6814.658628636086,143.9218253666946,6534.098314332134,6915.036787991015,630.219438587902,36.83539137115735,220,17.391472218469797,10000000,2.1119447533573625,5.84485166844304,7.0,2.799491794492164
C_large_dense_10,HGASA,C,1000,10000,0.05,5805.071271236601,6153.260492703135,274.1128632332242,5848.238123650776,6632.0866194681985,868.9450885855947,164.8002853507246,192,5.998018029369732,10000000,4.454757986571215,18.965558067538478,7.0,2.9389923328609093
C_large_dense_11,SA,C,1000,10000,0.05,2625.967069796147,3584.261488572744,107.8530033001679,3392.563800376053,3709.626178819333,704.3420182573283,52.290115550192475,113,36.49300974863288,10000000,3.0090718448980978,7.423966509845294,7.0,2.8477835974551957
C_large_dense_11,GA,C,1000,10000,0.05,2625.967069796147,3293.0798253315784,115.46088127138167,3101.947681678379,3429.7930469887883,936.0537353270516,60.411374111859885,151,25.404460063820196,10000000,3.506167095714298,6.453836124135813,7.0,2.9713007806677694
C_large_dense_11,HGASA,C,1000,10000,0.05,2625.967069796147,2550.7823649326115,103.76931201651665,2453.5960669221054,2747.763204221366,1488.1033331079266,179.11280063338663,98,-2.8631244362623334,10000000,4.068136640863836,12.036314726834648,7.0,3.1726330894359465
C_large_dense_12,SA,C,1000,10000,0.05,5887.70472751767,6812.251625316652,258.6544456114327,6395.166421695217,7050.562214063689,582.9869807970666,13.591831640116359,111,15.703010605777825,10000000,3.796900934342832,2.3314125508486394,7.0,2.765658856249363
C_large_dense_12,GA,C,1000,10000,0.05,5887.70472751767,6728.524551057245,266.2020394364672,6377.997710841945,6991.533273239268,669.85368642497,63.548185534772166,245,14.280944144664588,10000000,3.9563211431641307,9.486875540527487,7.0,2.825979951779178
C_large_dense_12,HGASA,C,1000,10000,0.05,5887.70472751767,8274.473478420643,355.8023494636251,7861.786065569109,8759.021307272506,981.3116868513928,98.34862725088871,266,40.53818697374222,10000000,4.299999877835579,10.022159989396147,7.0,2.9918069710701074
C_large_dense_13,SA,C,1000,10000,0.05,3855.4812688203283,4914.231622515246,207.00125125912493,4628.375195548201,5240.047675760902,1579.3130634998754,169.33178351538515,178,27.460912915260167,10000000,4.212281128767302,10.721863032028198,7.0,3.1984682277118424
C_large_dense_13,GA,C,1000,10000,0.05,3855.4812688203283,4412.989447057486,222.1883378731621,4090.2298908906855,4716.948477314524,1247.5100533745065,78.57227854751922,234,14.460144904496977,10000000,5.034871271249332,6.298328284808745,7.0,3.096044054181183
C_large_dense_13,HGASA,C,1000,10000,0.05,3855.4812688203283,4015.8951479808065,225.21528989098385,3681.8396059815695,4280.500529113821,1782.6936213863537,83.10351019314342,148,4.1606706913028395,10000000,5.608096864885085,4.661682141910398,7.0,3.2510767105480256
C_large_dense_14,SA,C,1000,10000,0.05,2885.7258426979092,3989.6836733407426,261.9398120099558,3735.0752505825794,4384.7943098038095,443.42652951960554,54.0204425237648,180,38.255811217697875,10000000,6.5654280754198675,12.182501255008098,7.0,2.6468216727191662
C_large_dense_14,GA,C,1000,10000,0.05,2885.7258426979092,3474.069250767187,108.16579863748667,3285.1620852246524,3567.0404151799626,698.591327472812,92.20200951013511,261,20.38805625135985,10000000,3.1135187824364805,13.198275713453292,7.0,2.8442231898700783
C_large_dense_14,HGASA,C,1000,10000,0.05,2885.7258426979092,3678.8999724404493,222.9001862632073,3480.037111710011,4095.921041643177,1567.5131682312212,191.83910425620894,284,27.486122139759107,10000000,6.058881402946745,12.238436534008821,7.0,3.1952111979022018
C_large_dense_15,SA,C,1000,10000,0.05,4005.230389171565,4877.961536695971,225.22721475168927,4618.124811822832,5283.399868543846,1486.1270873582328,70.07472779515629,158,21.789786422371566,10000000,4.617240481650954,4.715258095438018,7.0,3.172055950056038
C_large_dense_15,GA,C,1000,10000,0.05,4005.230389171565,5064.770849192847,340.1484799418372,4578.605279392463,5558.479977442012,1550.1352580370783,123.72772772592609,137,26.453920425796912,10000000,6.715969785603337,7.981737534478207,7.0,3.1903695944646686
C_large_dense_15,HGASA,C,1000,10000,0.05,4005.230389171565,5135.253301002316,310.49086469930916,4681.403503490653,5521.537280374958,1971.4671666004506,128.09294320511245,293,28.213680663310935,10000000,6.0462619173762375,6.4973409334527625,7.0,3.2947895486002206
C_large_dense_16,SA,C,1000,10000,0.05,3979.714444293283,4753.923503325126,309.28449935275194,4272.732651388993,5245.382954171923,1621.9288941030577,191.81080045343063,175,19.45388469119992,10000000,6.505878757544653,11.826091831202245,7.0,3.2100318106793435
C_large_dense_16,GA,C,1000,10000,0.05,3979.714444293283,4340.192493890747,89.02303411947311,4205.393528445918,4468.963800926941,1055.6380573212211,89.61601244898029,226,9.05788730933627,10000000,2.051131009621852,8.489274503458995,7.0,3.0235150387919187
C_large_dense_16,HGASA,C,1000,10000,0.05,3979.714444293283,4336.978184039003,115.63354668856269,4217.086892314338,4554.068066289354,1429.8516935537984,133.90384426759292,208,8.977119960403666,10000000,2.6662238494562547,9.364876432379086,7.0,3.1552909941004574
C_large_dense_17,SA,C,1000,10000,0.05,5657.094606091882,6905.350235881031,189.1258390768654,6679.401489433814,7152.054549176616,263.55517715013787,14.168094006622576,98,22.065312969045202,10000000,2.738830509915989,5.375760081749988,7.0,2.4208715517050394
C_large_dense_17,GA,C,1000,10000,0.05,5657.094606091882,8222.919298532745,211.40906601246243,7868.963778700416,8488.759954210276,1158.3532803174735,76.71052480733472,172,45.355873838097665,10000000,2.5709733774255232,6.622377310168313,7.0,3.0638410328745747
C_large_dense_17,HGASA,C,1000,10000,0.05,5657.094606091882,6785.963852339026,331.836011875348,6318.002140158549,7178.005887543954,1549.4469851830404,108.17560670206001,258,19.95492960346664,10000000,4.890035064966767,6.981562308134145,7.0,3.1901767213069263
C_large_dense_18,SA,C,1000,10000,0.05,3904.4098259312186,4620.919934508085,165.19670044228238,4422.728522401204,4865.85308464644,737.1943727198744,12.923956229803537,52,18.351303795471207,10000000,3.574974307791555,1.753127358002025,7.0,2.8675820114276194
C_large_dense_18,GA,C,1000,10000,0.05,3904.4098259312186,4279.012281684894,219.42760082129476,3913.664529214441,4596.04992223037,726.4484640485457,58.49225397639843,203,9.594342613978322,10000000,5.127996518273452,8.051810537311512,7.0,2.8612048098615346
C_large_dense_18,HGASA,C,1000,10000,0.05,3904.4098259312186,4263.1570309082545,258.0810743748934,3795.2189082724326,4575.518634239162,726.632655861616,82.05554431469842,265,9.188256893382679,10000000,6.053754823099019,11.292575918900836,7.0,2.8613149117510446
C_large_dense_19,SA,C,1000,10000,0.05,7041.142443501614,9514.091272932998,432.71721743062477,8771.103334908075,10034.680815066782,333.6211768282439,31.604293791074188,108,35.12141458966944,10000000,4.548171811864771,9.473107819934592,7.0,2.5232536099745504
C_large_dense_19,GA,C,1000,10000,0.05,7041.142443501614,8018.630004704823,189.12806490054516,7871.062190084355,8384.691905388692,1234.4735640117685,125.02049249572286,141,13.882513655228601,10000000,2.3586082010215814,10.127433761273402,7.0,3.0914817940437764
C_large_dense_19,HGASA,C,1000,10000,0.05,7041.142443501614,7941.170332643368,344.70324825747156,7457.755382402448,8472.19482904005,1381.46887600245,127.13960767713772,260,12.782412745710097,10000000,4.340710925699671,9.203219115948597,7.0,3.1403411048640715
D_large_sparse_00,SA,D,1000,10000,0.02,6574.698642702695,8466.91476464039,395.915160139823,7845.32374268463,8952.115698168307,514.1946556945829,40.47518515155965,153,28.780271534390096,10000000,4.676026287559284,7.87156861770278,7.0,2.7111275584709533
D_large_sparse_00,GA,D,1000,10000,0.02,6574.698642702695,8033.9361580935965,172.8741453838646,7730.19338791466,8233.665198996756,795.2879433535063,76.75450677267943,92,22.194743739479524,10000000,2.151798844078524,9.651159358587432,7.0,2.9005243985539346
D_large_sparse_00,HGASA,D,1000,10000,0.02,6574.698642702695,6894.860547317694,328.86488538569597,6353.515285121769,7286.286041066723,1334.9852438342384,68.55418505917949,164,4.869605772278993,10000000,4.769710469541464,5.13520170921767,7.0,3.1254764652835285
D_large_sparse_01,SA,D,1000,10000,0.02,4511.6747761866645,5547.694310811074,167.82824502608284,5281.300058027138,5763.8944300341955,1166.1104253293572,123.34482969140261,77,22.96308102908225,10000000,3.0251891258504893,10.577457075436488,7.0,3.066739678073485
D_large_sparse_01,GA,D,1000,10000,0.02,4511.6747761866645,5335.781688207931,249.25800206341296,5082.9588428471825,5749.903409715462,1237.898581435193,125.68029372429035,281,18.266097467198524,10000000,4.671443035502609,10.152713284361255,7.0,3.092685065259794
D_large_sparse_01,HGASA,D,1000,10000,0.02,4511.6747761866645,4960.137526946206,187.80690484863578,4641.9150151237745,5160.796804250783,1814.7374723485434,76.33218290791545,240,9.940050491374047,10000000,3.786324549034477,4.206238316616129,7.0,3.258813807026746
D_large_sparse_02,SA,D,1000,10000,0.02,5548.48712576308,7022.3239936964455,404.1848313025663,6244.127597600943,7347.705430934213,927.9216423739144,85.72505613498626,92,26.56286001079383,10000000,5.755713232049402,9.238393870809468,7.0,2.9675113041052694
D_large_sparse_02,GA,D,1000,10000,0.02,5548.48712576308,5890.649653425399,142.27976279453446,5683.797428441254,6083.104092103997,1717.3055109793427,120.44975938917503,242,6.166771588485241,10000000,2.4153492596830826,7.013880676390836,7.0,3.2348475636115044
D_large_sparse_02,HGASA,D,1000,10000,0.02,5548.48712576308,5832.053611081961,327.624155917,5490.625644611618,6256.383763430387,1445.896509285037,162.7687411789962,177,5.110699167025322,10000000,5.617646506103006,11.257288480451596,7.0,3.1601372092414346
D_large_sparse_03,SA,D,1000,10000,0.02,2855.174445220011,3268.4907636850703,85.58173116994627,3100.9195356012856,3331.4701983778823,296.0022407228678,15.796088038216107,159,14.476044332668103,10000000,2.6183868139023554,5.3364758319533125,7.0,2.4712949986599306
D_large_sparse_03,GA,D,1000,10000,0.02,2855.174445220011,3364.1807208685736,152.18959099526563,3161.0642961210256,3575.52399054136,747.3766483912684,52.522983623353696,271,17.8275018011847,10000000,4.52382329080029,7.027645797659006,7.0,2.8735395242960005
D_large_sparse_03,HGASA,D,1000,10000,0.02,2855.174445220011,3081.8590931933277,129.12044617099062,2939.650127411286,3289.0696891643356,1200.9825854218104,117.74454287200295,220,7.939432504827182,10000000,4.1896933722949665,9.804017502106293,7.0,3.079536710058988
D_large_sparse_04,SA,D,1000,10000,0.02,4235.311842496975,5274.323789525466,282.3434800306246,4983.452527570821,5810.020877417759,832.7270855646651,72.42663641133366,88,24.532123859288948,10000000,5.353169264870393,8.69752379463216,7.0,2.920502690898199
D_large_sparse_04,GA,D,1000,10000,0.02,4235.311842496975,4778.600121700221,140.73009768823715,4546.50422257279,4934.591093948442,1011.7788068081666,167.28127703029642,239,12.827586241747536,10000000,2.945006782408182,16.533384165064152,7.0,3.005085578232597
D_large_sparse_04,HGASA,D,1000,10000,0.02,4235.311842496975,4372.089593610984,257.56710192365875,3887.402782544689,4646.449860486988,1410.1526141069564,135.49307557051236,138,3.229461163675957,10000000,5.891167058882928,9.608397999979564,7.0,3.149266116824051
D_large_sparse_05,SA,D,1000,10000,0.02,6725.604257480174,8768.458308083675,231.31679875676068,8525.410468283071,9196.715261704112,1138.7237483844622,40.2942079945734,178,30.374282702278403,10000000,2.638055523894193,3.538541112516523,7.0,3.056418378070465
D_large_sparse_05,GA,D,1000,10000,0.02,6725.604257480174,7395.362117020642,178.54076987289767,7223.083644026102,7688.6329588384615,762.0113520950755,106.25354370126092,224,9.95832989720689,10000000,2.41422620079659,13.943826874642646,7.0,2.8819614413074817
D_large_sparse_05,HGASA,D,1000,10000,0.02,6725.604257480174,7941.798123226402,303.3307654766424,7612.18791397212,8408.273675168872,1049.6579428859204,74.2681590306601,259,18.083042343646444,10000000,3.819421757769543,7.0754629671517435,7.0,3.0210477964799964
D_large_sparse_06,SA,D,1000,10000,0.02,5049.2700477522885,6288.563760582387,240.81279762578805,6078.892169431499,6746.20365246938,253.2149036855149,20.411544250883846,91,24.544017275958076,10000000,3.829376735197263,8.060956900165069,7.0,2.403489263738264
D_large_sparse_06,GA,D,1000,10000,0.02,5049.2700477522885,5755.297397263927,178.1256563186571,5515.413753469963,5941.578072202668,617.2017125025599,42.92388186421107,256,13.982760732433613,10000000,3.0949861323124357,6.954595393160552,7.0,2.7904271223965873
D_large_sparse_06,HGASA,D,1000,10000,0.02,5049.2700477522885,5307.83692901639,38.70504772844444,5257.103652027624,5354.523906993981,1197.1170343091112,107.10196917294014,122,5.120876459741028,10000000,0.7292056678843181,8.946658188249037,7.0,3.0781366106152914
D_large_sparse_07,SA,D,1000,10000,0.02,4198.851211494219,5071.343641604463,337.1953729512968,4626.58023854793,5621.180294279607,1188.5001319447765,69.1443913447063,163,20.779312868287043,10000000,6.649034196480037,5.817785752498267,7.0,3.0749992342786587
D_large_sparse_07,GA,D,1000,10000,0.02,4198.851211494219,5395.365687606361,315.8009318660953,4874.64166191127,5756.304395396132,1089.5063464379732,87.94715292850825,241,28.496234227988893,10000000,5.853188646536386,8.072201985425991,7.0,3.0372297643803137
D_large_sparse_07,HGASA,D,1000,10000,0.02,4198.851211494219,5026.959404946684,222.46530704655166,4841.451182910335,5438.172554776163,2081.938532486062,129.42351210841196,195,19.722256201542606,10000000,4.42544466994579,6.216490549020492,7.0,3.3184679031782687
D_large_sparse_08,SA,D,1000,10000,0.02,3099.4554673635603,3993.5462534687626,275.58836728809456,3651.5828825100434,4438.826429867724,309.1003014759559,21.719312508472314,153,28.846705349366687,10000000,6.900843255508075,7.026622880910326,7.0,2.4900994286455767
D_large_sparse_08,GA,D,1000,10000,0.02,3099.4554673635603,3772.060403727526,66.70892160755174,3665.4658647661386,3864.837705845492,927.3886063717151,45.082919842153075,272,21.700745290465264,10000000,1.7685008845995789,4.861276010122015,7.0,2.9672617559761227
D_large_sparse_08,HGASA,D,1000,10000,0.02,3099.4554673635603,3608.9976264328666,68.94152507162677,3484.6080117399524,3681.7518396811374,1614.2510996648223,160.83657664574787,110,16.439731573324714,10000000,1.9102679527048785,9.96354140190107,7.0,3.207971090929326
D_large_sparse_09,SA,D,1000,10000,0.02,2763.826289298013,3396.993676817457,167.34402719738046,3221.3301251397947,3668.748441476307,591.7826907493516,66.43283697631855,57,22.909087664849697,10000000,4.926238995951271,11.225883760168317,7.0,2.7721622581852436
D_large_sparse_09,GA,D,1000,10000,0.02,2763.826289298013,3030.8712985138577,71.1903558448136,2940.547202226534,3142.2011296175497,911.1584332797731,75.34440182390603,238,9.662148820636332,10000000,2.3488412681766038,8.269078029898601,7.0,2.959593899164781
D_large_sparse_09,HGASA,D,1000,10000,0.02,2763.826289298013,2853.094549573592,154.71101102191636,2557.561917678609,2986.5875238384074,1481.6613109522004,87.95420367886263,93,3.2298795557897506,10000000,5.422568664786754,5.936188184757165,7.0,3.1707489407588243
D_large_sparse_10,SA,D,1000,10000,0.02,6724.311637448164,7961.817048503163,474.7267449894372,7290.734021095222,8462.598081550834,784.0418195948945,117.62004545850724,161,18.40345120477826,10000000,5.962542747433348,15.00175660518723,7.0,2.8943392279075537
D_large_sparse_10,GA,D,1000,10000,0.02,6724.311637448164,7409.095600344054,445.46229755917943,6787.189172934829,8128.488621193219,1958.7828347516443,109.00081522897779,150,10.183703549405413,10000000,6.012370761398916,5.56472179024369,7.0,3.291986289544003
D_large_sparse_10,HGASA,D,1000,10000,0.02,6724.311637448164,8984.561034256712,475.6043608063706,8172.430652335447,9469.084700477906,1372.433062223718,107.52394014600982,213,33.6130970525081,10000000,5.293573709310519,7.834548955836983,7.0,3.137491171762718
D_large_sparse_11,SA,D,1000,10000,0.02,7215.8741148064255,8298.282336071765,503.98471258674647,7311.143989988192,8653.113579735566,635.5130898004127,48.52209758952609,116,15.000375616923803,10000000,6.073361837738127,7.63510592752146,7.0,2.8031245002394245
D_large_sparse_11,GA,D,1000,10000,0.02,7215.8741148064255,9104.106246439776,367.7814974708669,8653.998401667735,9664.348131156605,1318.966609615778,108.07742294794578,82,26.167753228383546,10000000,4.039732045248158,8.194098482859191,7.0,3.120233801275578
D_large_sparse_11,HGASA,D,1000,10000,0.02,7215.8741148064255,11319.105027774334,376.7402091474554,10762.493608810653,11701.889780563331,2423.42403805744,123.36224678942544,191,56.86394811888958,10000000,3.328356864107422,5.090411122946099,7.0,3.384429411362465
D_large_sparse_12,SA,D,1000,10000,0.02,4711.261382597796,6334.140220357701,242.41476993656474,6100.493841672289,6631.217817669946,1169.128777053158,64.74658262017059,51,34.44680109990092,10000000,3.8271140439463642,5.538019753766328,7.0,3.067862350411917
D_large_sparse_12,GA,D,1000,10000,0.02,4711.261382597796,6320.214893620024,81.51620687123565,6225.632253748048,6442.942595355134,613.8964145565191,33.62965328580352,127,34.15122576228298,10000000,1.2897695449172566,5.478066411268699,7.0,2.7880950969038905
D_large_sparse_12,HGASA,D,1000,10000,0.02,4711.261382597796,5465.727751294606,406.48084742971383,4851.397432412601,6033.89950542554,1532.1397854678348,83.36003662803392,288,16.014105510758053,10000000,7.436902566788755,5.440759219145279,7.0,3.1852983901581275
D_large_sparse_13,SA,D,1000,10000,0.02,3630.3953550528136,4752.5852084620155,216.0154328428992,4399.755201100223,5050.105373424815,501.2747663970029,59.773122507075605,68,30.91095441843074,10000000,4.545219567200647,11.924223303060918,7.0,2.7000758432718155
D_large_sparse_13,GA,D,1000,10000,0.02,3630.3953550528136,4034.2998631379232,178.7033232187469,3824.0796569666027,4272.2844831826105,649.0154382610777,50.55447870030876,113,11.125634223913165,10000000,4.429599417028696,7.78941080904956,7.0,2.812255027573639
D_large_sparse_13,HGASA,D,1000,10000,0.02,3630.3953550528136,3640.285010195141,151.95935725000592,3505.1935639166168,3929.37761075761,1689.1725400517594,86.8979679655231,161,0.2724126210816882,10000000,4.174380764814346,5.1444104083565305,7.0,3.2276740127239045
D_large_sparse_14,SA,D,1000,10000,0.02,2726.4732180653873,3419.3033165659763,71.98778541975828,3290.996977603664,3482.573093404122,484.56849240737046,43.522259023441386,187,25.411219663188096,10000000,2.1053348812604313,8.981652687986323,7.0,2.6853551720415334
D_large_sparse_14,GA,D,1000,10000,0.02,2726.4732180653873,3080.207020975336,143.2923055411989,2816.0980599624077,3219.601025062417,1652.7717010083966,131.7165025387442,185,12.97404282448614,10000000,4.652034897830534,7.969431135490808,7.0,3.218212868187457
D_large_sparse_14,HGASA,D,1000,10000,0.02,2726.4732180653873,3303.8656826450874,166.3168926254528,3171.019560513457,3618.572850249295,1279.754247668055,143.4588180766189,264,21.177265221383625,10000000,5.0340089035429205,11.20987239058022,7.0,3.107126579703616
D_large_sparse_15,SA,D,1000,10000,0.02,6747.232031128678,7851.569897685283,299.73328479744885,7464.9792950743995,8282.082746586924,956.3522942139385,138.42648494265856,179,16.367272704743066,10000000,3.817494955828045,14.474423889622853,7.0,2.9806179040430885
D_large_sparse_15,GA,D,1000,10000,0.02,6747.232031128678,8340.710877149697,598.0562102197142,7407.154017334597,9240.416810256416,982.1289201334205,50.545849810786684,159,23.616778534804027,10000000,7.170326594800877,5.14655955797739,7.0,2.9921684996277276
D_large_sparse_15,HGASA,D,1000,10000,0.02,6747.232031128678,10370.82299913792,613.8936384840207,9620.365832780635,11028.364085899118,707.987533528851,23.550831062570527,285,53.70485187543027,10000000,5.919430295310709,3.3264471402745133,7.0,2.850025610560821
D_large_sparse_16,SA,D,1000,10000,0.02,4711.832665512094,5495.116983154837,96.85701851446697,5376.490554651315,5658.876416892815,973.9543635513855,101.32718832368165,92,16.623771964058363,10000000,1.7626015753873865,10.403689548061218,7.0,2.9885386076772367
D_large_sparse_16,GA,D,1000,10000,0.02,4711.832665512094,5181.576963271536,209.9910536935337,4855.658362127853,5433.673432565602,571.601770071162,64.45467357992824,252,9.969460528547652,10000000,4.05264758551323,11.276150102177589,7.0,2.757093564994629
D_large_sparse_16,HGASA,D,1000,10000,0.02,4711.832665512094,6807.699360409069,229.5210234083848,6497.626032307746,7080.607304689695,1005.0673715999905,99.21923394644922,163,44.4809237441201,10000000,3.371491766266733,9.871898814952054,7.0,3.0021951743270985
D_large_sparse_17,SA,D,1000,10000,0.02,5910.958446275494,7033.311111271495,285.98034719211637,6693.182742311596,7443.333655230189,291.0418641130701,16.61408694068861,190,18.987659534355174,10000000,4.066084134026261,5.708486987368255,7.0,2.463955463369447
D_large_sparse_17,GA,D,1000,10000,0.02,5910.958446275494,7169.284534106558,319.7535708024627,6836.363831263309,7611.57393871267,704.9051140464355,94.86841500338697,263,21.288021211245997,10000000,4.460048548516853,13.458324122349541,7.0,2.8481306613610236
D_large_sparse_17,HGASA,D,1000,10000,0.02,5910.958446275494,6010.298805035442,283.8055293408214,5594.889752177301,6399.307054740831,964.3840647502208,67.80281293051331,192,1.680613383816669,10000000,4.721987018399959,7.030685741170402,7.0,2.9842500255873907
D_large_sparse_18,SA,D,1000,10000,0.02,5568.189514946919,8139.674462936346,454.31826186509346,7549.334688602628,8715.74419660246,844.4739879495121,91.00242693982257,138,46.18170665863086,10000000,5.581528646309038,10.776226176106121,7.0,2.9265862766850317
D_large_sparse_18,GA,D,1000,10000,0.02,5568.189514946919,7199.0685718918585,284.8927803378861,6668.713943221532,7476.1849261130965,803.9200644763616,112.68053862159212,232,29.28921604710299,10000000,3.9573561147927574,14.01638590709728,7.0,2.9052128680485896
D_large_sparse_18,HGASA,D,1000,10000,0.02,5568.189514946919,5402.068202694862,250.73482670347767,5107.543221801072,5846.870525970965,1186.6648057859024,162.32113779433791,166,-2.983399034931037,10000000,4.641459850106979,13.678769017408934,7.0,3.0743280622103355
D_large_sparse_19,SA,D,1000,10000,0.02,4574.802180398402,5773.054752870107,77.1921967322517,5654.231870087916,5862.5238911192855,806.7477399968817,48.34654546531233,53,26.192445601382353,10000000,1.3371118071221333,5.992771106554225,7.0,2.906737757455852
D_large_sparse_19,GA,D,1000,10000,0.02,4574.802180398402,5762.063380404031,189.41923888041813,5437.968535069211,5928.8549681626255,2089.2353929151136,181.4422425365734,95,25.95218663426961,10000000,3.287350839017259,8.68462420040696,7.0,3.3199873744392883
D_large_sparse_19,HGASA,D,1000,10000,0.02,4574.802180398402,5205.694774962864,250.87680611486084,4964.699580543829,5643.677264958046,899.6330446947255,101.46114266600753,91,13.79059836221203,10000000,4.819276138152961,11.278058677850874,7.0,2.9540653992591532
E_structured_00,SA,E,750,7500,0.03,3736.8362984576884,4886.150954174164,286.96718522316274,4327.521150709156,5123.846694619994,483.40694912872425,55.46949968727077,166,30.756355481529518,5625000,5.87307244320831,11.474700516251794,6.7501225267834,2.6843128892378845
E_structured_00,GA,E,750,7500,0.03,3736.8362984576884,4110.577955661048,152.93331313048145,4031.690026378083,4416.368602024395,337.88147772536865,15.937000697221164,273,10.001552847193615,5625000,3.7204820047230385,4.716742925510353,6.7501225267834,2.5287643849026105
E_structured_00,HGASA,E,750,7500,0.03,3736.8362984576884,4541.8731657820135,237.4444698916028,4137.272463864065,4869.045415816782,1066.0068131153614,112.44270372216316,266,21.543273588318268,5625000,5.227897416433467,10.548028618462011,6.7501225267834,3.027759980383753
E_structured_01,SA,E,750,7500,0.03,2044.0480087115036,2551.524541078296,28.930125453929698,2503.7992770768433,2594.253861087315,517.4268304387158,88.79914338347362,185,24.827035872150958,5625000,1.1338368488395405,17.16168125804041,6.7501225267834,2.7138489446924092
E_structured_01,GA,E,750,7500,0.03,2044.0480087115036,2313.134930031152,164.93425862689674,2118.694233848573,2590.436089182823,444.01482386814695,79.45266746631405,129,13.16441297723098,5625000,7.130334529368569,17.894147491325207,6.7501225267834,2.6473974697017084
E_structured_01,HGASA,E,750,7500,0.03,2044.0480087115036,2093.9824790834136,75.58867312821334,1949.855907470629,2157.6398148705393,373.88868334277,41.17674378567395,190,2.4429206241289303,5625000,3.6098044698683593,11.013102460746142,6.7501225267834,2.572742320366398
E_structured_02,SA,E,750,7500,0.03,2569.7212846460448,3244.371249732639,97.96770161816788,3057.864871790545,3348.141570869624,337.06980834600336,21.092134438549294,125,26.25381861906947,5625000,3.019620569817377,6.2574973837164745,6.7501225267834,2.5277198541052415
E_structured_02,GA,E,750,7500,0.03,2569.7212846460448,2724.915848529073,84.94320347056062,2612.7969233969093,2866.542886888294,359.42710031546187,41.74475908503403,262,6.0393539490180554,5625000,3.117278044252761,11.614249189444955,6.7501225267834,2.555610819221895
E_structured_02,HGASA,E,750,7500,0.03,2569.7212846460448,2752.3131175391027,97.81663224982577,2601.7608404559674,2893.466719572327,595.780528196473,52.67882551630319,242,7.105511169014124,5625000,3.553979074055555,8.841985097393293,6.7501225267834,2.775086305131099
E_structured_03,SA,E,750,7500,0.03,2520.0027179595427,2886.26866239683,218.62361431692668,2553.2703491267744,3140.432712793804,306.60691735478457,49.914052127584675,94,14.534347198397256,5625000,7.574610678666903,16.27949315632287,6.7501225267834,2.486581948741199
E_structured_03,GA,E,750,7500,0.03,2520.0027179595427,2752.716623983621,132.4298948409209,2557.828079926435,2956.081518867252,428.4069872221782,31.834045591388456,196,9.234668850377584,5625000,4.810880047989599,7.430795141275054,6.7501225267834,2.631856545463482
E_structured_03,HGASA,E,750,7500,0.03,2520.0027179595427,2506.142672133038,99.55241587062966,2362.035417757652,2659.988249926617,558.6493724357404,22.307693074667522,98,-0.550001225305309,5625000,3.972336330951909,3.9931474329604666,6.7501225267834,2.7471393152333383
E_structured_04,SA,E,750,7500,0.03,3165.980378235054,3877.84527483498,229.9317349239539,3438.400207589543,4116.0950457295285,587.6132046411404,40.61079387851374,196,22.484817072579926,5625000,5.929368466970064,6.91114385411319,6.7501225267834,2.7690915465435904
E_structured_04,GA,E,750,7500,0.03,3165.980378235054,3425.4915626260395,219.91804543709128,3129.42080507471,3759.5605362327933,750.7857827712882,57.390704980119175,97,8.196866480128207,5625000,6.42004341322909,7.644085210068782,6.7501225267834,2.8755160400249102
E_structured_04,HGASA,E,750,7500,0.03,3165.980378235054,3406.9498590476505,214.6577914359355,3090.025341590548,3721.206306335174,1049.1196884055694,82.3716747914072,196,7.611212074123157,5625000,6.3005855770339725,7.851504046844644,6.7501225267834,3.020825037334563
E_structured_05,SA,E,750,7500,0.03,1408.8639849467654,1987.6551805392405,129.8857924779238,1817.3725707846206,2199.6250177880515,343.907607873822,29.10585091373748,179,41.082120188794875,5625000,6.53462400066225,8.463276254247994,6.7501225267834,2.5364417833273163
E_structured_05,GA,E,750,7500,0.03,1408.8639849467654,2006.087268814128,87.20522944206917,1926.0913492923019,2173.2680217493216,1117.7163756840969,95.6502836928995,94,42.3904145643931,5625000,4.347030699896689,8.557652529189873,6.7501225267834,3.048331613834633
E_structured_05,HGASA,E,750,7500,0.03,1408.8639849467654,1576.2803922799817,44.513697148025216,1513.549755982459,1635.1099404792135,787.908747577106,51.62461072460686,284,11.883078077231295,5625000,2.8239707456894263,6.552105289268259,6.7501225267834,2.896475922161443
E_structured_06,SA,E,750,7500,0.03,3856.8241328817758,5055.489179849475,151.77346381695804,4825.678940067107,5301.066075734486,498.9051295502967,25.631473311262546,152,31.079069350047593,5625000,3.002151887138982,5.1375445536842355,6.7501225267834,2.698017969210651
E_structured_06,GA,E,750,7500,0.03,3856.8241328817758,4789.341059682323,153.0061864704576,4574.548057343371,4946.502724455595,428.22954047389373,33.070117249760344,278,24.178362680586666,5625000,3.194723127122763,7.722521247171271,6.7501225267834,2.6316766228423414
E_structured_06,HGASA,E,750,7500,0.03,3856.8241328817758,4141.932011869291,210.27880881984277,3846.900767902449,4496.703122683146,782.846165424598,84.01682589279167,195,7.392296593375806,5625000,5.076829079213737,10.732226790332792,6.7501225267834,2.893676428633865
E_structured_07,SA,E,750,7500,0.03,2724.7215389253497,3433.15859274921,139.4124725787428,3243.6474921908275,3674.482255860464,486.9036474110905,35.52380937847402,96,26.00034696034565,5625000,4.060764127622309,7.295860190688083,6.7501225267834,2.687443027872197
E_structured_07,GA,E,750,7500,0.03,2724.7215389253497,3442.2678376582044,114.10540633200905,3301.655522053704,3551.778326290055,463.1009365802208,55.03370327712521,173,26.33466534036576,5625000,3.3148323057172577,11.883738280367737,6.7501225267834,2.6656756593165243
E_structured_07,HGASA,E,750,7500,0.03,2724.7215389253497,2929.6785684872725,124.05727700738863,2782.549443007021,3133.166456062042,677.9699936664477,84.95264218361568,173,7.52212755079403,5625000,4.234501297916962,12.53044278909654,6.7501225267834,2.8312104728147585
E_structured_08,SA,E,750,7500,0.03,3082.6409505776724,5344.945609052479,122.29704350111982,5110.289365396464,5446.187895354781,609.3050711110194,37.14723746546613,53,73.38852285248664,5625000,2.288087708394846,6.096656539839902,6.7501225267834,2.784834792676197
E_structured_08,GA,E,750,7500,0.03,3082.6409505776724,3421.1338256741874,99.72591260649696,3254.6738628442367,3554.212881267159,468.5669256304669,28.245661135878795,192,10.980613069228289,5625000,2.91499595420955,6.028095367139635,6.7501225267834,2.6707716301356355
E_structured_08,HGASA,E,750,7500,0.03,3082.6409505776724,3418.110312116547,146.72923343827057,3200.740378328633,3614.9432942380313,597.9463088429762,34.51933718674236,128,10.882531145121174,5625000,4.292700353120363,5.772982737118512,6.7501225267834,2.776662189306015
E_structured_09,SA,E,750,7500,0.03,3818.0548343022856,4499.693893044185,198.02365441016119,4219.418061594018,4724.8428680521465,172.06912041154206,13.208115553148442,148,17.853045289394395,5625000,4.400825014258735,7.67605222921943,6.7501225267834,2.235702938670643
E_structured_09,GA,E,750,7500,0.03,3818.0548343022856,4426.6988483275045,98.85988316916959,4298.952526333119,4573.660922110937,614.859087307805,45.391888945829066,198,15.941206725399034,5625000,2.2332642575521224,7.382486472563982,6.7501225267834,2.7887755960734446
E_structured_09,HGASA,E,750,7500,0.03,3818.0548343022856,3910.179750235031,87.619333414493,3787.1369922559898,4041.593801048858,788.221305569122,67.34820863060226,158,2.4128756639394977,5625000,2.240800653965497,8.544327355116925,6.7501225267834,2.8966481696390107
E_structured_10,SA,E,750,7500,0.03,3876.7946148139545,5955.315241764818,332.56815923569513,5420.951503144948,6294.5081186367,365.2990255507614,33.07179779223341,195,53.61441173614019,5625000,5.584392189743104,9.05334957912112,6.7501225267834,2.5626485137161827
E_structured_10,GA,E,750,7500,0.03,3876.7946148139545,4295.281675869342,139.0514281724308,4114.383320810198,4462.2456698198885,370.2654106880219,37.31061018900293,287,10.79466679654037,5625000,3.23730639025641,10.076720404337225,6.7501225267834,2.568513143189166
E_structured_10,HGASA,E,750,7500,0.03,3876.7946148139545,4497.026856187691,177.020549511589,4209.1863820788285,4740.422869623245,939.3496561792568,104.49037656926676,228,15.998583959122147,5625000,3.9363907571069383,11.123693491758385,6.7501225267834,2.9728272807467078
E_structured_11,SA,E,750,7500,0.03,2480.9723281686747,2890.4658428233706,162.49201563010885,2695.132735152101,3126.354390276088,241.06784174819944,22.053850965622853,179,16.50536404640042,5625000,5.621654932666103,9.14840022032411,6.7501225267834,2.382139279714659
E_structured_11,GA,E,750,7500,0.03,2480.9723281686747,2756.5187520401582,90.01016952275957,2622.454070921998,2878.8419399074533,182.41850994327243,9.08313009096959,189,11.106388440651315,5625000,3.2653566915204593,4.97928093689298,6.7501225267834,2.26106890393957
E_structured_11,HGASA,E,750,7500,0.03,2480.9723281686747,2593.8298484839997,45.98987211724885,2524.6885455870156,2661.9811133402386,463.29384627107885,45.90320926310641,291,4.548922978057986,5625000,1.7730489200796375,9.908011866025927,6.7501225267834,2.6658565316983798
E_structured_12,SA,E,750,7500,0.03,3983.8757375123837,4845.393387568413,173.67924151358,4607.977017960049,5122.970258443401,772.014943873545,64.48279881235983,141,21.625113503012507,5625000,3.584419831817583,8.352532463791533,6.7501225267834,2.8876257070442914
E_structured_12,GA,E,750,7500,0.03,3983.8757375123837,4740.520856337922,126.40344740786928,4581.382898893744,4918.500848839665,687.0536974686196,73.500306046945,279,18.992688745307188,5625000,2.6664463935196485,10.69789833280128,6.7501225267834,2.836990681168676
E_structured_12,HGASA,E,750,7500,0.03,3983.8757375123837,4834.287338378914,112.11152945557934,4627.153058662752,4962.7328131064505,718.1684287918299,71.6014749054474,223,21.346338512996518,5625000,2.319091142256633,9.970011495200659,6.7501225267834,2.856226309307364
E_structured_13,SA,E,750,7500,0.03,2757.077602850688,3565.5571423837728,197.09306830011516,3443.8593412120076,3957.8560573015866,775.9291571516972,83.3080523640925,157,29.323786124016067,5625000,5.527693441153141,10.736553923286255,6.7501225267834,2.8898220716930263
E_structured_13,GA,E,750,7500,0.03,2757.077602850688,3156.926415210565,136.533772575178,3005.3978160413035,3320.0461343008838,534.8687802805443,42.228047866843255,210,14.502631770192192,5625000,4.324895630045,7.895029477079256,6.7501225267834,2.7282472493297196
E_structured_13,HGASA,E,750,7500,0.03,2757.077602850688,2966.5071228393763,134.92095749218353,2743.9596422725076,3120.519965375139,539.3840413889718,58.13022134488694,150,7.596069104915585,5625000,4.548142037260463,10.777148911412986,6.7501225267834,2.7318980929525485
E_structured_14,SA,E,750,7500,0.03,2968.5861004770886,3656.6120107620845,128.20932805033283,3498.446150173167,3884.7506670066737,530.4546101065865,24.30201671408707,198,23.176889165330987,5625000,3.5062327551566614,4.581356491407241,6.7501225267834,2.7246482281551696
E_structured_14,GA,E,750,7500,0.03,2968.5861004770886,3671.0230958934394,119.13155505799598,3449.7947258536665,3800.4361981238803,363.8474501298765,24.14686668348166,89,23.66234199181423,5625000,3.2451867489273365,6.636535909448413,6.7501225267834,2.560919335699948
E_structured_14,HGASA,E,750,7500,0.03,2968.5861004770886,3496.300159455373,225.4394695512558,3223.3764234385717,3844.9964775288404,600.1633334315483,65.89793080502825,130,17.776612876192953,5625000,6.447943805441837,10.979999465852783,6.7501225267834,2.778269458974914
E_structured_15,SA,E,750,7500,0.03,2776.533769467883,3126.8067400174577,118.52132877574867,2963.362998865555,3331.7567426246073,486.51820877935296,59.39213639039737,135,12.615476692606695,5625000,3.790491022642702,12.207587571986037,6.7501225267834,2.687099099125252
E_structured_15,GA,E,750,7500,0.03,2776.533769467883,3274.5478318262885,118.4159933133531,3104.3144565481634,3435.492136249144,630.4750741991431,23.736537825595622,117,17.936538998185824,5625000,3.616254805088917,3.7648653843685738,6.7501225267834,2.799667921437646
E_structured_15,HGASA,E,750,7500,0.03,2776.533769467883,3029.424235451157,202.28184985513056,2779.0651451210306,3381.0133506183342,633.8218856696329,51.93381735364399,111,9.1081357901777,5625000,6.67723745944766,8.193755773954683,6.7501225267834,2.801967231164558
E_structured_16,SA,E,750,7500,0.03,4165.823134107681,5108.066181247873,360.91905419860956,4606.576453608623,5537.132107165583,343.5304139888184,26.035162818179884,137,22.61841217947004,5625000,7.065669108273749,7.578706792181523,6.7501225267834,2.5359651927574194
E_structured_16,GA,E,750,7500,0.03,4165.823134107681,4908.675163109843,239.2512411515608,4480.758462219169,5192.6298312321105,310.6456998436282,25.212747460942943,265,17.83205875736924,5625000,4.874049172159633,8.116239005926833,6.7501225267834,2.4922653462088817
E_structured_16,HGASA,E,750,7500,0.03,4165.823134107681,4988.412189679484,270.6863843858827,4571.474129316119,5386.327217682145,496.77249250012756,44.886101410465,282,19.74613489557093,5625000,5.426303482817744,9.035544859693188,6.7501225267834,2.696157539893667
E_structured_17,SA,E,750,7500,0.03,3497.1614267517966,4382.978135347035,127.87079845560471,4227.763389162977,4532.086194112271,415.847032447698,36.70314928663396,159,25.329591645930833,5625000,2.9174409387164366,8.826117880557485,6.7501225267834,2.6189336066341515
E_structured_17,GA,E,750,7500,0.03,3497.1614267517966,3959.7550350625993,192.8819321749153,3737.855882241542,4234.14962196207,657.7057674339421,48.552046730280836,298,13.227688169386703,5625000,4.871057185785385,7.382031469741862,6.7501225267834,2.8180316502122342
E_structured_17,HGASA,E,750,7500,0.03,3497.1614267517966,4170.885754412402,162.82696451063518,3916.9868406466817,4330.028050229673,654.7613287276915,69.88567009271738,189,19.264890734150878,5625000,3.90389413899385,10.67345718607369,6.7501225267834,2.816083021356697
E_structured_18,SA,E,750,7500,0.03,1931.9946453040695,2310.612987391095,75.59330003146863,2205.688177677007,2419.0505434438987,783.7302142137846,64.97955753397008,59,19.597276990767025,5625000,3.27156907902698,8.291061943956784,6.7501225267834,2.8941665899265065
E_structured_18,GA,E,750,7500,0.03,1931.9946453040695,2182.012423955135,85.83597058860379,2089.206724237829,2293.3728911283133,411.9229222331619,54.70958385823127,286,12.940914678969836,5625000,3.933798435162745,13.281509939197763,6.7501225267834,2.6148159597699343
E_structured_18,HGASA,E,750,7500,0.03,1931.9946453040695,2053.230225108152,116.45884718375348,1893.4930732678067,2221.6965156508377,519.1010584818745,41.14483747430974,238,6.2751509223257464,5625000,5.671981921930802,7.926170983861787,6.7501225267834,2.715251914435329
E_structured_19,SA,E,750,7500,0.03,3516.5553069936263,4207.468132453085,288.96049719992993,3739.2317950872302,4569.061052238396,338.79146940219096,30.377747946134395,162,19.647432363295707,5625000,6.867800018997576,8.966503200253822,6.7501225267834,2.52993246648099
E_structured_19,GA,E,750,7500,0.03,3516.5553069936263,3878.3829494743186,136.98412859852797,3687.8112527170274,4046.89945959654,490.54615958125567,20.835508576968763,286,10.289263523343415,5625000,3.531990790571493,4.247410395538425,6.7501225267834,2.6906798800303586
E_structured_19,HGASA,E,750,7500,0.03,3516.5553069936263,3934.412113630295,187.13305587647332,3616.437618278209,4188.6112917061355,800.6824384006015,43.11567030478926,120,11.882560351195014,5625000,4.756315568167693,5.384865239571723,6.7501225267834,2.9034603031052053
